{"cameraMode":{"drawMode":0,"name":"Shaded","section":"Shading Mode"},"sceneLighting":true,"audioPlay":false,"sceneViewState":{"showFog":false,"showMaterialUpdate":false,"showSkybox":false,"showFlares":false,"showImageEffects":false,"showParticleSystems":false},"in2DMode":false,"pivot":{"x":-329.18280029296877,"y":-295.4264221191406,"z":264.5124816894531},"rotation":{"x":0.27036991715431216,"y":-0.43610185384750368,"z":0.13921497762203217,"w":0.8469569683074951},"size":345.82916259765627,"orthographic":false}