{"cameraMode":{"drawMode":0,"name":"Shaded","section":"Shading Mode"},"sceneLighting":true,"audioPlay":false,"sceneViewState":{"showFog":false,"showMaterialUpdate":false,"showSkybox":false,"showFlares":false,"showImageEffects":false,"showParticleSystems":false},"in2DMode":false,"pivot":{"x":-3.153271198272705,"y":-17.08039665222168,"z":284.02685546875},"rotation":{"x":0.22363823652267457,"y":0.05406183749437332,"z":-0.012425531633198262,"w":0.9730972647666931},"size":59.34242630004883,"orthographic":false}